id,name,address,height,birthdate,eyes
125500.0,,"94932 Amanda Way
South Cassandraville, WV 15612",158.0,1997-6-21,brown
168840.0,Kenneth Waters,"510 Sean Mall Apt. 205
Farmershire, UT 20150",81.0,1966-10-23,brown
224772.0,Nicole Brown,"56984 Edward Parkway
Schmidtmouth, MA 41988",143.0,1962-9-17,amber
254365.0,,"1681 Nicole Ridge Apt. 523
New Casey, MH 82120",171.0,1958-12-2,green
749255.0,Debbie Murray,"59986 Christopher Squares Suite 667
Christopherland, TX 03558",88.0,1952-12-5,amber
110545.0,Kelsey Cruz,"5004 Tammy Mills Suite 552
Sarahport, NH 17108",156.0,,green
555484.0,Michael Rodriguez,"7156 Jackson Turnpike
Grayburgh, CA 61906",227.0,1957-7-23,brown
250463.0,Michael Bishop,"585 Newman Ville Suite 183
Port Jillton, NJ 21607",226.0,1972-11-22,blue
217849.0,Melanie Brown,"8545 Alexander Brook
Barnesmouth, MD 39475",139.0,1956-11-25,blue
936906.0,Andrea Day,"325 Robert Crossing
North Bryce, VI 76198",89.0,1956-12-10,green
557854.0,Erin Gomez,"3210 Gonzalez Shore
Cynthiaview, MN 10216",242.0,1985-10-15,green
,Kevin Yang,"6277 Gonzalez Well Suite 612
East Royfort, AL 31232",106.0,1985-4-27,
752269.0,Amy Lowery,"79449 Melissa Loop
Lake Cindy, AS 58305",,1961-9-17,green
320227.0,James Michael,"497 Karen Brook
Fordport, IA 84354",131.0,1969-1-2,brown
836219.0,Megan Webb,"96832 Gomez Rest Apt. 614
Anthonyville, KS 96646",115.0,1985-9-24,brown
956917.0,Kelly Meyers,"7713 Nguyen Haven Apt. 564
South Brandyton, RI 28257",,1952-7-11,amber
287090.0,,"8513 Hobbs Tunnel
Travisfort, CA 29136",187.0,1979-1-8,brown
110815.0,Richard Walker,"866 Jonathon Plains Suite 522
Lake Christopherberg, CA 99045",242.0,1985-7-27,blue
901567.0,Christopher Swanson,"4437 Margaret Station Apt. 841
South Devin, NM 06633",90.0,1997-12-17,amber
840581.0,Jasmine Tran,"Unit 0864 Box 2660
DPO AP 15646",226.0,1976-9-22,
496096.0,Edward Garcia,"91775 Roberson Parkways
Port Joannafort, NC 87275",200.0,1996-6-4,green
724164.0,Cody Page,"9243 Eric Fall Apt. 618
Liuville, PR 21615",110.0,1991-4-25,amber
344069.0,Brad Abbott,"19272 Rebecca Motorway Suite 147
South Paul, MH 13481",61.0,1954-2-16,blue
766196.0,Kara Wilson,"07575 Simon Forest Apt. 492
Adkinsville, IA 57435",210.0,1978-7-22,amber
262100.0,Jessica Ortiz,"383 Johnson Square Apt. 705
Jasontown, CO 68696",143.0,1971-5-20,brown
830827.0,Patrick Freeman MD,"54398 Edwards Via
South Emilyfort, GU 68247",183.0,1970-10-7,green
378257.0,Whitney Pena MD,,197.0,1979-12-5,green
199471.0,Nicholas Price MD,"28662 Jamie Port
Rebeccaport, AS 72289",112.0,1980-10-13,brown
537408.0,Amy Francis,"304 David Turnpike Apt. 646
North Jessica, NH 18536",73.0,1996-1-8,amber
305379.0,Jeanette Torres,"056 John Island Apt. 311
Lake Richardshire, WA 23443",170.0,1991-3-11,blue
332257.0,Rickey Li,"847 Elizabeth Spur Suite 887
Michelleshire, GU 74978",136.0,1973-12-28,green
572064.0,Jeffrey Hayden,"2854 Daniel Falls Suite 621
Dunlaphaven, OH 62090",226.0,1959-10-26,blue
529427.0,Jennifer Walker,"079 Lee Shoal
South Marychester, AL 41528",180.0,1975-12-6,brown
534380.0,,"623 Tucker Mill Apt. 272
New Jennifer, AL 97234",230.0,1954-8-24,amber
805500.0,Matthew Sanchez,"470 Hanson Ferry
Devinfurt, UT 66166",,1983-8-10,green
742352.0,Jacob Mack,"85604 Colleen Parkways
Port Alexandriamouth, AR 47667",229.0,1985-2-22,amber
191031.0,Anthony Quinn,"793 Penny Run
Laurenport, KY 07627",78.0,1955-6-4,blue
293704.0,Anna Sims,"Unit 4707 Box 8890
DPO AE 46488",58.0,1972-3-17,blue
447150.0,Nathaniel Scott,"2633 Gaines Radial Apt. 745
Padillaton, MS 96647",236.0,1996-5-8,amber
757748.0,John Williams,,177.0,1981-9-20,amber
503306.0,Parker Kim,"4270 Cortez Club
West Nathanshire, IN 03418",247.0,1993-3-1,green
558148.0,Sandra Luna,"Unit 4554 Box 8244
DPO AA 10767",144.0,1974-3-16,
971235.0,Janet Lopez,"626 Virginia Rest Apt. 337
North Ericafort, TN 60802",173.0,,blue
356312.0,Ronald Webb,"20225 Robert Streets Suite 818
North Billy, OK 01131",174.0,1985-1-9,brown
870060.0,Dr. William Davis DVM,"97558 Gary Motorway Apt. 082
East Joseph, MH 00598",107.0,1972-6-2,green
942085.0,Frank Hurst,"9273 Paul Centers Apt. 721
Gibsonbury, MN 63909",194.0,1959-4-10,brown
804783.0,Lisa Salazar,"51076 Contreras Trafficway
Port Theresabury, WV 87607",,1971-10-7,blue
854993.0,Carol Li,"5795 Martin Trafficway Suite 250
New Ashley, NM 53293",98.0,1977-11-16,green
601428.0,Keith Mcdonald,"70901 Copeland Route Apt. 712
Stephenmouth, DC 87184",222.0,1983-6-27,brown
624404.0,Emily Heath,"49706 Salazar Parkway
Kathrynview, WV 45461",104.0,1998-12-20,green
588935.0,William Sawyer,"198 Parker Valley
New Codyton, VA 50334",203.0,1974-5-13,brown
249365.0,Richard Barrett,"96625 Elizabeth Square
Bradton, TX 52236",58.0,1972-10-12,brown
254270.0,Tim Joyce,"0650 Holmes Key Apt. 125
West Michelle, MS 53729",195.0,1983-7-26,blue
326471.0,Christina Hess,"USS Lane
FPO AA 75181",60.0,1991-12-18,green
818702.0,Rachel Smith,"217 Cook Mountain Apt. 399
East Paulville, FL 72206",132.0,1974-10-10,green
472070.0,Jessica Wells,"020 Levi Drive Suite 148
South Robertville, IN 20023",92.0,,brown
830240.0,Richard Carter,"5122 Miller Forks
East Adrian, DE 58082",80.0,1982-8-19,amber
375471.0,Alexandra Diaz,"251 Hopkins Ways
Rebeccatown, PA 56450",143.0,1950-2-18,green
766299.0,Eric Carr,"9345 John Inlet Suite 745
Lake Joyville, CT 58544",161.0,1987-9-12,green
,Patricia Dickerson,"816 Castillo Spur
Lloydview, AS 06881",,1993-2-21,blue
,Krista Tapia,"396 Xavier Springs Apt. 361
Port Amandaborough, GA 69751",153.0,1992-11-9,amber
332185.0,,"326 Miller Pass
East Amy, KS 85718",145.0,1978-7-10,amber
525493.0,John Hardy,"Unit 8141 Box 0479
DPO AE 19258",182.0,1996-7-13,blue
,Chad Martinez,"095 Kevin Glens Suite 388
East Courtneyside, TX 21806",,1998-2-24,amber
975674.0,James Molina,"99122 Robinson Freeway Suite 660
Mikebury, UT 07547",185.0,1963-2-21,amber
443020.0,Lisa Weaver,"252 Gates Road Suite 991
Jamestown, MT 44539",242.0,1956-8-18,green
864217.0,Dawn Brown,"693 Herring Wall Suite 851
Lake Christianberg, AL 71548",118.0,1953-8-26,brown
174096.0,Emily Taylor,"PSC 1232, Box 2189
APO AP 35936",194.0,1997-3-22,blue
936647.0,Anthony Gonzalez,"666 Butler Ports
South Timothy, IN 92392",104.0,1970-9-25,blue
577346.0,Latoya Collier,"21061 Roy Mount Suite 042
West Dawnstad, GA 88213",150.0,1966-8-16,green
160557.0,Jacob Huber,"642 James Gateway Apt. 175
Harrismouth, AL 86770",60.0,1998-9-6,brown
604752.0,Nicholas King,"2479 Dennis Circles
Smithchester, CO 24519",227.0,1966-10-3,amber
694080.0,Diane Chen,"087 Anthony Roads
Lake Sarahville, AK 74273",203.0,,amber
510588.0,Dr. Gary Howell,"9703 Hamilton Street
East Cory, IN 06483",165.0,1973-5-25,amber
764349.0,Dominique Vasquez,"810 Yvonne Locks
Port Brenda, FM 61230",185.0,1971-7-8,
438691.0,Danny Dunn,,197.0,1998-3-2,blue
281825.0,Mario Hoffman,"690 Rodgers Landing
New Tina, MI 58561",91.0,1951-10-18,green
182138.0,Sarah Bradford,"596 Destiny Mount
Brendachester, ND 64457",239.0,,blue
806254.0,Brian Adams,"4976 Baldwin Canyon Suite 244
New Anthonybury, KY 57288",123.0,1955-7-2,green
671165.0,Andrea Weber,"02082 Lisa Grove
Millsborough, HI 86734",198.0,1965-1-11,amber
932847.0,Charles Meyer,"PSC 3516, Box 5758
APO AE 70294",109.0,2000-3-18,amber
321720.0,Vicki Cook,"90481 Stephanie Lake
New Charles, WY 47742",102.0,1954-8-28,green
899474.0,Kathryn Oconnell,"0626 Morgan Ferry
South Cliffordville, TX 17287",205.0,1965-4-25,amber
,Gary Russell,"USS Patel
FPO AE 89824",129.0,1960-4-14,blue
501023.0,Gregory Vaughn,"7881 Jeremy Dale Apt. 106
North Tylertown, FM 82506",214.0,1994-4-7,green
927993.0,,"2142 Arnold Court Apt. 895
Nathanstad, AZ 67610",210.0,1967-8-1,brown
742328.0,Laura Adams,"2864 Adrian Parks Apt. 008
East Brianfort, GA 27376",85.0,1957-5-9,
759729.0,John Lynch,"0575 Rios Ways
Smithmouth, KY 47892",58.0,1980-6-18,brown
512738.0,Nicholas Mccoy,"7779 Mitchell Brook Apt. 181
Amandaview, NV 05949",189.0,1966-4-24,amber
595203.0,Nicole Bush,,187.0,1962-4-25,blue
877161.0,Samuel Friedman,"11728 Jennifer Summit
Shirleyburgh, TN 47704",251.0,1991-1-4,brown
208847.0,,"746 David Wells Suite 383
Lake Triciaview, RI 42455",105.0,1980-5-14,amber
,,"USNV Jackson
FPO AP 98180",192.0,1992-4-7,amber
395956.0,Megan Elliott,"2945 Cooper Light Suite 228
Livingstonville, AR 54436",232.0,1953-1-22,blue
,Alexis Shaw,"559 Woods Key
Mathewsburgh, WA 35586",214.0,1986-6-25,brown
824198.0,Melissa Zamora,"7249 Sean Throughway Suite 778
Kristophershire, NY 77805",131.0,1969-10-4,amber
843407.0,Kim Phillips,"2630 Williams Burgs
Joneshaven, DC 97544",119.0,1985-10-10,blue
254382.0,Daniel Maynard,"437 Jacqueline Plaza Apt. 163
Danland, WI 30317",93.0,1998-7-1,brown
838651.0,Elizabeth Richardson,"320 Robbins Courts
East Amanda, FM 95828",98.0,1988-11-3,
274099.0,Abigail Campos,"2919 Morris Mountains Apt. 966
Danielmouth, SC 09695",182.0,1965-2-13,
419544.0,Edward Mathis,"39577 Janet Mills Apt. 397
West Lindseyshire, CO 52717",131.0,1993-6-7,blue
986060.0,Hannah Fisher,"604 Lacey Corners Suite 249
South Amber, DC 75918",179.0,1973-9-1,
148044.0,Angela Anderson,"8298 Stephanie Hollow Suite 596
West Coltonton, NJ 64477",203.0,1994-9-27,brown
585809.0,Heather Houston,"04519 Tran Plain Apt. 860
Parkerport, MI 70760",114.0,1974-5-16,amber
276591.0,Daniel Roach,"5216 Katie Branch
East Timothy, AS 99949",101.0,1971-10-14,blue
118365.0,Brian Peterson,"639 Juarez Walks Suite 518
Adrianport, OH 27638",180.0,1966-12-22,blue
783622.0,Tracy Roman,"PSC 3816, Box 4299
APO AA 78333",214.0,1981-2-5,green
237905.0,Douglas Martin,"9143 Kristina Inlet Apt. 604
North Susanton, IN 71488",81.0,1974-6-25,amber
,Mr. Nicholas Clark,"PSC 9561, Box 9171
APO AP 06025",96.0,1955-4-20,green
286794.0,Brandon Arnold,"8447 Graham Tunnel
East David, VA 23615",91.0,1954-1-3,amber
542635.0,Andrew Arnold,"1277 Cooper Falls
Port Johnfort, SD 02932",202.0,1984-3-26,blue
428528.0,,,105.0,1959-6-22,brown
,Richard Williams,"76093 Daniel Islands Apt. 338
New Rebecca, VT 47793",,1997-10-12,brown
487225.0,Nicole Love,"7136 Neal Islands
New Taylor, PA 84475",193.0,1964-11-23,brown
445299.0,Anthony Russell,"USNS Monroe
FPO AE 64834",183.0,1994-11-4,amber
406579.0,Jacqueline Mason,"USNV Wilson
FPO AA 96677",100.0,1968-9-5,brown
546059.0,Jessica Allen,"8562 Brian Glens
Lindatown, WY 22197",209.0,1980-1-28,blue
188375.0,Brett Gomez,"212 Tony Fort Suite 673
Brittanyport, ME 46359",218.0,1975-10-18,green
922340.0,Cristian Cruz,,196.0,1982-6-5,green
593857.0,Dr. Laura Hernandez,"0843 Lisa Islands Suite 953
Davidburgh, NE 40155",90.0,1987-10-16,blue
398298.0,Anna Welch,"205 Nicholas Ranch
Nathanielland, WI 15179",216.0,1971-9-10,amber
,Maria Sanchez,"3040 Hull Locks Apt. 504
Port Patricia, PW 70496",179.0,1983-11-19,blue
,Beverly Franklin,"1679 Carol Coves
Glennbury, FM 28130",89.0,1963-9-10,amber
599509.0,John Matthews,"599 Kristine Pine Apt. 954
Rhodesberg, TN 46003",91.0,1963-3-10,brown
450610.0,Lisa Mcgee,"789 Matthew Groves Apt. 592
Laurenborough, GA 85244",202.0,1980-1-16,blue
264257.0,Amanda Wong,"518 Lopez Lock Apt. 628
Brittanyburgh, GU 16906",70.0,1963-10-25,amber
918691.0,Tony Huerta,"Unit 5580 Box 6809
DPO AA 55271",150.0,1969-6-16,green
821344.0,Gerald Phillips,"555 Smith Isle Suite 150
Dixonfurt, WY 32273",92.0,1969-6-7,amber
659683.0,Scott Mitchell,"PSC 1770, Box 4885
APO AE 03172",104.0,1986-10-2,brown
446494.0,Lindsey Little,"20180 Robinson View Suite 542
Kellybury, GU 99885",127.0,1987-10-6,amber
122406.0,Mrs. Yolanda Reyes,"8469 Smith Tunnel
Smithport, CT 66772",148.0,1984-6-22,brown
270105.0,Kelsey Bruce,"08256 Mitchell Lodge Suite 563
Williamsville, MP 14094",61.0,1956-2-6,brown
,Marvin Flores DDS,"251 Frey Land
Peterbury, RI 21907",183.0,,blue
916631.0,Jamie Moore,"78042 Hamilton Drive Suite 430
West Eric, GU 20352",121.0,,amber
240203.0,Todd Warren,"986 Mccarthy Canyon
Stevensbury, VI 59564",,1982-3-23,amber
711855.0,Cheryl Brown,"PSC 1424, Box 0253
APO AE 93728",59.0,1966-2-4,brown
759106.0,Leah Duke,"434 Joshua Flat
Rodneyberg, FM 72192",104.0,1973-3-2,green
584874.0,Deborah Hanson,"102 Daniel Parks Suite 029
Simpsonshire, RI 79958",210.0,1954-5-5,blue
423709.0,Cynthia Dougherty,"8718 Peter Harbor
Robinsonfort, AS 11279",122.0,1981-10-22,blue
958244.0,Sandra Salazar,"8377 Katherine Spring
Harrisborough, MA 91014",174.0,,amber
999617.0,James Coleman,"108 Jeremy Courts Apt. 328
East Randy, WV 78685",161.0,2001-5-17,brown
535727.0,Mary Lambert,"69087 Anderson Plaza Apt. 446
New Jimmouth, UT 13665",200.0,1970-6-26,green
522294.0,Cynthia Roth DDS,"Unit 9766 Box 4197
DPO AE 38077",136.0,1973-1-3,brown
991088.0,Tasha Stevenson,"25414 Thomas Prairie Apt. 840
Juliachester, WI 31896",,1996-4-1,green
587191.0,Heather Wilson,"11094 Williams Knolls
Sabrinaton, MA 29137",126.0,1990-8-20,amber
277406.0,Julia Conley,,197.0,1975-12-24,blue
856057.0,Dawn Medina,"377 Timothy Lane Apt. 785
Lake Danielleland, IL 01234",228.0,1980-9-18,green
346086.0,Suzanne Perez,"84345 Leblanc Tunnel
East Jenniferland, FL 40506",82.0,,green
660151.0,Eduardo Moore,"91102 Smith Brook
Floresburgh, NM 82528",103.0,,blue
340051.0,Ruben Roberts,"223 Anna Ville Apt. 704
West Jeffreyland, AS 20385",145.0,1964-2-27,brown
848955.0,Joshua Woods,"26187 Moreno Path Apt. 652
Lewisstad, WV 50593",142.0,1997-7-27,brown
450730.0,Jason Fernandez,"7980 Miller Viaduct
Scottshire, AK 37217",76.0,1965-10-23,amber
719606.0,David Morgan,"3148 Williamson Coves
Lake Amy, HI 11224",75.0,1952-3-6,blue
407152.0,Gregory Hartman,"USNS Barnett
FPO AP 96269",191.0,1989-1-14,brown
708121.0,,"2384 Nicholas Spur
Lake Joseton, AS 03866",231.0,1986-6-14,green
388567.0,Bryan Thomas,"7386 Jillian Shores
East Loriside, SC 19407",185.0,1995-7-12,blue
,Whitney Edwards,"488 Kenneth Way
Lake Amanda, FM 76095",55.0,1970-4-25,green
884932.0,William Campbell,"Unit 2813 Box 1159
DPO AA 95368",144.0,1999-8-9,green
104748.0,Mr. Austin Arnold,"774 Stewart Mall
Port Makaylaside, WI 76144",205.0,1965-12-10,amber
818924.0,Don Johnson,"177 Victoria Mount
New Toddfort, FL 80398",108.0,,green
836175.0,Angel Munoz,"74582 Beth Divide Apt. 862
Lake Bethany, WV 95742",151.0,1961-1-4,brown
900091.0,Gail Ho,"4797 John Shores Suite 704
North Kevin, MP 36189",219.0,1982-1-4,green
,Julie Klein,"8717 James Burgs Suite 999
Williamside, MO 20157",167.0,1961-6-13,blue
966188.0,Stacey Diaz,"501 Melinda Estate Suite 690
Cortezburgh, FM 96870",58.0,1982-6-6,green
250588.0,Ronald Anderson,"4323 Perry Viaduct
Alextown, MO 63821",209.0,1978-4-16,amber
783983.0,Mary Myers,"6547 Smith Road Suite 632
East Jeremyport, AK 56399",235.0,1992-1-6,amber
219068.0,Jasmine Patel,"312 Leach Drive Suite 255
Lake Nathan, VI 85708",192.0,1956-4-17,green
708284.0,,"7261 Hunter Villages Apt. 211
Lake Joseph, VA 40125",183.0,1973-11-18,brown
650221.0,Miss Raven Hampton,"7925 Lewis Loop
Melanietown, AK 45447",240.0,1974-4-19,green
142805.0,Hannah Higgins,"PSC 0952, Box 9970
APO AE 17394",251.0,1973-4-27,brown
986126.0,Paige Blake,"85914 Kendra Mountains Apt. 755
Williamside, WV 67355",57.0,1964-6-13,green
757861.0,Michael Combs,"6288 Timothy Hollow Suite 244
Contrerasstad, CT 41828",148.0,1984-11-22,amber
904425.0,,"431 Maynard Centers
Roseport, LA 19443",89.0,1994-11-23,brown
909489.0,Christine Carter,"Unit 5142 Box 1597
DPO AE 97070",85.0,1988-1-2,amber
760866.0,Timothy Warner,"9601 Nicholson Via
Glassberg, MI 36125",197.0,1988-10-13,amber
960978.0,James Vazquez,"957 James Rapid
Port Saratown, MO 54460",95.0,1959-3-6,amber
270983.0,Mckenzie Saunders,,198.0,1978-4-26,
618667.0,Jennifer Griffith,"6032 Reyes Creek Suite 870
Lake Brenda, ND 58671",,1957-1-14,green
982464.0,Ashley Avila,"126 Hudson Neck
South Patrickburgh, AS 13385",138.0,1952-12-12,amber
883737.0,Michael Barnes,,240.0,1986-9-24,green
267507.0,Kayla Hernandez,"8596 Julie Prairie
Lake Erika, NJ 35428",244.0,1983-3-27,amber
477270.0,Eric Mcdonald,"893 Patricia Lane
West Theresaberg, PA 06400",68.0,1968-11-4,blue
,Lawrence Douglas,"54476 Schmidt Junction Apt. 739
New Rachel, IN 53670",88.0,1988-8-23,amber
580102.0,Rhonda Wolf,"USNS Love
FPO AE 82417",176.0,1996-8-21,blue
351435.0,Cody Freeman,"3100 Jill Lane Suite 031
Port Robertmouth, VA 31455",74.0,1994-4-18,amber
898459.0,Cynthia Marshall,"92977 Strickland Circle
North Jacobton, MO 41921",239.0,,blue
489574.0,Sarah Lopez,"686 Lin Square
New Johnstad, ID 29251",,1990-11-9,brown
140312.0,Deborah Gallegos,"560 Vanessa Drives Apt. 743
Stephanieport, WI 23628",177.0,1985-3-15,green
937653.0,Loretta Diaz,"03644 Susan Fall
West Jesus, HI 62483",144.0,1951-7-8,
670991.0,James Harper,"812 Laura Curve Suite 031
Andreatown, ME 76545",88.0,1992-2-26,green
720388.0,Robert Reynolds,"206 Charles Coves
Lake Emily, AL 72006",162.0,1971-1-11,brown
431670.0,,"1336 Joshua Courts
Baileymouth, OH 72447",153.0,1967-2-25,blue
960364.0,Mr. Richard Barnes,"17572 Joseph Club
Lake Jeremiah, GU 69312",210.0,,amber
876338.0,Mr. Aaron Russell PhD,,131.0,1980-4-14,brown
339089.0,Hannah Contreras,"85601 Deanna Causeway
Travismouth, MH 64213",65.0,1965-11-18,blue
855563.0,Austin Payne,"8816 James Station
New Tammyview, VT 59247",101.0,1968-7-7,amber
197938.0,Aaron Wolfe,"030 Leach Parkway Apt. 338
Williamhaven, ID 33513",73.0,,green
,Alexis Morgan,"2007 Reilly Meadow
Susanville, PW 09737",89.0,1951-7-5,brown
,Harry Reed,"PSC 9760, Box 6963
APO AP 40159",102.0,1957-4-20,blue
109308.0,Daniel Lopez,"2954 Gabrielle Mill Apt. 600
East Adamtown, PR 16342",240.0,1975-3-1,green
824331.0,Aaron Harper,"61374 Raymond Light Apt. 653
Brownchester, VI 87441",102.0,1990-8-22,blue
568474.0,Kimberly Torres,"7757 Baker Canyon Apt. 793
West Craig, MP 24788",212.0,1957-2-24,amber
922223.0,Jack Ramirez,"03094 Ford Hill
Nancystad, OK 28567",146.0,1984-11-25,blue
560727.0,Christopher Salazar,"38332 Bridges Drive Apt. 701
New Robertberg, WV 77125",56.0,,amber
799363.0,Brian Smith,"PSC 0796, Box 5561
APO AP 48178",129.0,1995-10-11,brown
428297.0,Terri Leon,"71232 Turner Knoll Suite 712
South Eric, PA 23473",125.0,1965-12-2,blue
777054.0,Troy Wilson,"266 Rodney Flats Apt. 126
Fergusonberg, KY 68983",171.0,1993-8-8,green
774738.0,Tanya Green,"16310 Wanda Island
Troyburgh, TX 98271",230.0,1975-7-14,brown
605956.0,Kevin Shannon MD,"6707 Brendan Point
Port Pamelashire, CO 18891",170.0,2000-9-26,amber
608620.0,Stephen Baker,"70248 Luis Branch
West Sarah, HI 88407",236.0,1955-6-15,green
298423.0,,"6946 Shea Ridges Apt. 307
East Monicaside, HI 56409",190.0,1985-11-8,brown
381925.0,Meghan White,"64668 Steven Creek Suite 898
Hicksmouth, UT 31240",156.0,1964-2-23,brown
172436.0,Lucas Ashley,"65333 Christina Valley
New James, UT 23599",180.0,1957-7-28,brown
157165.0,Crystal Valenzuela,"41287 Simmons Camp
Barnettborough, CT 80102",,1979-1-16,amber
470249.0,Teresa Miller,,176.0,1960-10-4,brown
971377.0,Briana Moreno,"3969 Gordon Lights Suite 556
Riverahaven, VA 87264",64.0,1982-7-16,green
887092.0,Darius Anderson,"35881 Michael Estate
Port Brandonshire, MN 82036",205.0,1980-12-4,amber
680253.0,Louis White,"56370 Fowler Rest
East Sharon, MD 81396",246.0,1966-8-1,brown
515098.0,Alex Reynolds,"PSC 2433, Box 5663
APO AP 43743",155.0,1976-3-19,brown
737804.0,Anthony Downs,"930 Desiree Stream
New Jacqueline, FM 38423",107.0,1970-5-11,blue
,Tanya Hardy,"99993 Weeks Curve
Port Juan, IL 83455",108.0,1952-5-10,brown
898167.0,Douglas Berger,"22316 Gibson Estates
Paulmouth, AS 12529",125.0,1979-3-22,brown
100451.0,Jose Murillo,"9139 Anderson Forges
Port Jeffrey, TX 07798",230.0,1961-12-1,green
547149.0,Charles Miller,"7707 Parker Groves Suite 664
Emilymouth, AR 95680",149.0,1999-7-28,brown
965933.0,Stacey Walker,"8149 Holmes Trail Apt. 703
Bonillaport, MO 99824",211.0,1962-5-8,
507231.0,Seth Graham,"09884 Little Overpass
Rogersberg, CA 21710",147.0,1977-12-23,amber
623604.0,Dr. Michael Johnson Jr.,,89.0,1994-7-2,blue
572642.0,Teresa Carrillo,"310 Edward Ferry
Keithport, IN 67793",128.0,1994-7-13,amber
946537.0,Amy Davis,"7880 Gardner Square
West Brooke, GA 81684",238.0,1983-1-19,brown
404427.0,Barbara Salazar,"2356 Susan Flats
Port Christopher, SC 46802",127.0,1993-5-9,amber
954443.0,Marvin Turner,,236.0,1968-3-6,green
,Amber Arellano,"338 Davis Underpass Suite 155
Lake Richardborough, GU 61459",96.0,2000-4-5,
,Donald Benton,"476 Smith Common
Hermanburgh, IA 87296",144.0,1985-10-28,green
830531.0,Kimberly Mccoy,"86387 Sims Corner Apt. 943
Banksmouth, ID 27680",151.0,1967-11-2,brown
818798.0,Brandon Peck,"8555 Evan Knolls
Dennisfort, MT 50024",162.0,1991-8-25,blue
142537.0,Joshua Johnson,"25398 Weaver Circles
East Maria, AL 32886",57.0,1961-2-23,brown
508710.0,Paul Fernandez,"910 Caitlin Inlet
New Matthewport, UT 11483",118.0,1963-3-26,green
448445.0,Kathryn Riley,"621 Williams Lock
Yoderview, AS 60335",58.0,1998-6-9,brown
794657.0,Anthony Love,"71906 Rhonda Crest Apt. 817
Comptonfort, ID 41975",107.0,1989-5-12,amber
178623.0,Raymond Whitaker,"472 Blake Mills Apt. 766
Kellymouth, NM 40394",164.0,1964-7-2,green
765661.0,Tyler Turner,"4821 Wilson Ville
South Michelleview, MP 96901",64.0,1989-11-20,green
547614.0,Deborah Smith,"6444 Wilcox Circles
Kingmouth, WA 64305",231.0,1966-9-2,amber
869068.0,James Green,"5917 Brian Knolls Suite 525
Tammymouth, AZ 23158",130.0,1953-5-3,green
750314.0,Neil Jones,"PSC 4682, Box 5660
APO AA 63499",165.0,1962-8-8,blue
248094.0,Karen Chase,"4111 Scott Valley Apt. 333
Turnerhaven, VT 82496",189.0,1952-3-22,green
819365.0,Richard Williams,"313 Stacy Cove Suite 319
New John, NY 93921",251.0,1999-3-8,blue
888381.0,Michael Suarez,"9833 Ortiz Pine Suite 360
Lake Andrew, IA 91011",119.0,1992-9-25,green
135576.0,Christopher Bowman,"0349 Allison Bridge Apt. 084
Sanchezhaven, NV 41609",218.0,,green
662309.0,James Cherry,"14821 Kenneth Square Apt. 761
New Davidhaven, VI 23060",100.0,1971-5-27,amber
181148.0,Jessica Gibbs,"3115 Yu Summit Apt. 597
Christinabury, SD 54660",171.0,1980-3-11,green
614380.0,Terri Morris,"930 Neil Harbors Apt. 030
Powellbury, CA 15233",96.0,1977-1-16,amber
762335.0,Bethany Peters,"61673 Brian Ferry Suite 066
South Jennifer, VI 52091",88.0,,brown
752613.0,James Gomez,"255 Patrick Terrace
Nguyenton, GU 93969",181.0,1997-12-24,brown
,James Ferrell,"086 Robin Turnpike
West Kimberlyview, AR 32825",138.0,1979-10-27,blue
138402.0,Kathryn Ayala,"6728 Luke Avenue Apt. 113
West Jason, CA 76154",114.0,1966-4-15,blue
659446.0,Julie Brown,"2409 Jose Fork Suite 730
West Tyler, ND 19338",163.0,1954-10-14,green
775265.0,Troy Jordan,"6764 Peterson View
Butlerhaven, PW 09376",110.0,,amber
787908.0,Matthew Jones,"71021 Reyes Brook Apt. 929
Deckerberg, WY 31787",106.0,1954-3-5,blue
321703.0,James Wise,"2207 Elizabeth Glen Apt. 685
South Matthewview, PW 99061",128.0,1966-7-8,blue
870451.0,Kirsten Gordon,"2857 Paul Via
Sarahhaven, SC 63075",86.0,1959-10-20,green
525151.0,Aaron Waller,"8347 Mark Trail
Bakermouth, SC 70591",178.0,1952-6-7,brown
890373.0,Michael Williams,"962 Jesse Junctions Apt. 157
New Cynthia, UT 57498",71.0,1992-1-8,green
262215.0,Mark Kim,"5800 Gould Spurs
Lake Gabriellestad, KS 70768",109.0,1976-12-14,green
399085.0,Joshua Griffin,"21677 Monroe Roads
North Joseph, MH 86253",92.0,1959-10-24,blue
740834.0,Brian Kaiser,"264 White Street Suite 885
New Amy, NH 18703",88.0,1976-4-10,brown
789670.0,Olivia James,"71841 Bennett Spurs Apt. 946
South Joshua, NC 62652",223.0,1956-9-2,amber
479373.0,Ryan Russell,"74307 Ricardo Canyon
Lake Michaelmouth, OH 10521",214.0,1960-1-10,amber
,Mary Martin DVM,"0724 Stewart Port
Lake David, AK 57603",108.0,1997-8-25,green
376829.0,Emily Tucker,"4246 Brandy Square Suite 172
Nicholstown, CO 60315",,,blue
921549.0,Theodore Wilkinson,"2208 Kelly Locks
North Brandon, NV 27309",,1952-5-4,green
461172.0,Gina Yoder,"347 Vasquez Park
West Joanfort, NM 91936",214.0,1998-4-25,blue
693767.0,Patrick Schultz,"22745 Frank Creek Suite 246
Sherrystad, TN 95941",131.0,1982-5-14,brown
308741.0,Caitlin Palmer,"0314 Michael Manors Suite 268
West Masonfort, VA 74357",186.0,1964-3-19,brown
888368.0,Amber Sharp,"308 Hall Street Suite 545
Port Roberto, DE 47573",98.0,1998-2-9,blue
557985.0,Wendy Bullock,"372 Hines Views Suite 794
Robinsonshire, NY 42613",195.0,1961-3-6,brown
680297.0,Tiffany Cordova,"Unit 1159 Box 8202
DPO AA 30868",76.0,,green
193988.0,Michelle Cunningham,"USNV Warner
FPO AA 99461",62.0,1984-5-19,green
374791.0,Gina Richards,"5307 Rebecca Mission Apt. 440
East Jamestown, SD 37848",182.0,1950-1-24,amber
356336.0,Melissa Macdonald,"947 James Crescent
Williamsonfort, FL 86531",224.0,1974-1-11,blue
212714.0,Jessica Moore,"PSC 5923, Box 6762
APO AE 70786",,1981-4-26,brown
,Lisa Bright,"562 Nolan Haven Apt. 773
Port Joseph, SC 19621",87.0,1967-8-25,blue
373481.0,Kimberly Sellers,,191.0,,amber
751103.0,Monica Weber,"94218 Campbell Spurs
Port Cynthia, MD 52558",94.0,1992-2-7,amber
566508.0,Randall Rangel,"816 Alexander Square
West Tracybury, VA 49468",122.0,,amber
,Cheyenne Wood,"815 Rogers Cape
Beverlytown, PR 80695",239.0,1989-10-3,brown
959924.0,Gwendolyn Dennis,"Unit 3538 Box 8777
DPO AA 34339",136.0,1973-10-18,amber
474014.0,Seth Miller,,202.0,1962-2-27,amber
684629.0,Michelle Gonzalez,"8720 Sharon Forges Suite 285
New Richardville, MO 27480",194.0,1973-2-24,
501157.0,Julie May,"09271 Gonzalez Well Apt. 336
Donaldmouth, AZ 02324",138.0,1954-8-11,green
529073.0,Charles Mooney,"473 Scott Unions
Mooremouth, WY 58217",140.0,1997-2-13,blue
415491.0,Rachel Christensen,"2718 Andrew Corner
Meyersshire, IA 08540",240.0,1950-1-9,amber
,Jose Nash,"98392 Christopher Trafficway Suite 529
Priceville, FL 89924",200.0,1972-10-15,brown
886146.0,David Tate,"0185 Nicholas Pines
Wendyberg, ID 14470",189.0,1960-10-25,amber
937827.0,Kevin Fleming,"166 Kennedy Ranch
Huertaberg, CT 09471",90.0,1992-8-1,amber
125380.0,Paul Hayden,"728 Burton Point
Adrianland, DC 79639",212.0,1978-8-23,amber
743484.0,Jason Harrington,"0373 John Ridges Suite 731
Burnsshire, IN 50102",208.0,1985-10-20,blue
646757.0,Tamara Mueller,"6385 Daniel Squares
Steeletown, PW 68311",199.0,1974-8-13,amber
996349.0,Michelle Gross,"41610 Ingram Ports Apt. 253
East Kristinashire, GU 78294",235.0,,amber
823509.0,Kirk Henderson,"9139 Johnston Passage Suite 641
Perryville, CT 42586",84.0,,amber
430995.0,James Davis,"90351 White Throughway
Saraborough, MA 27824",148.0,1986-2-19,blue
176448.0,Adam Mason,"34393 Shannon Way Suite 130
Churchfort, RI 41412",69.0,1994-1-27,brown
564039.0,Crystal Thomas,"6765 Holmes Wells Apt. 058
Port Edgarstad, CA 07644",80.0,1988-7-14,blue
369100.0,Joshua Smith,"324 Richard Flats
Port Dawnfort, LA 11887",96.0,1959-7-2,brown
189609.0,,"7689 Vanessa Prairie Apt. 243
North Michelleport, NM 39345",101.0,1977-9-14,amber
196643.0,Thomas Miranda,"71286 Zimmerman Pine
South Maxwell, NJ 94641",251.0,1975-4-18,brown
116860.0,Susan Robinson,"51698 Miles Knoll Apt. 764
Lake Ryan, PR 43577",171.0,,amber
901645.0,Angela Oconnell,"22615 Ward Cove Apt. 899
Port Austinside, RI 79479",205.0,1972-6-3,
864572.0,Christian Cruz,"31667 Thomas Fort
Stevensonburgh, IN 13060",213.0,1961-7-3,blue
747493.0,Emily Rodriguez,"607 James Isle Suite 135
Whiteton, KS 98658",109.0,1999-12-15,amber
369614.0,Lauren Sloan,"38594 Caldwell Dam
Ramirezburgh, MN 08591",226.0,1995-4-15,amber
546468.0,Janet Hall,"0587 Duncan Gateway Apt. 535
North Kimberlymouth, CO 20994",147.0,1978-11-9,amber
560197.0,Denise Perry,"9019 Hart Rest
East Allison, MO 43799",179.0,1995-8-27,green
287656.0,Kimberly Mejia,"487 Travis Centers
East Kimberly, NH 48979",249.0,1983-4-23,green
,Louis Schultz Jr.,"31912 Rhonda Fall Suite 678
Williamsmouth, SD 05542",174.0,1971-5-24,brown
259952.0,Patrick White,"227 Ray Road Apt. 623
East Alexabury, MO 12098",169.0,2001-11-10,brown
381858.0,Dr. Jesse Sullivan,"93280 Smith Avenue
Dickersonborough, DC 34181",194.0,1986-9-24,amber
775222.0,Heather Young,"9551 Justin Streets
North Williamshire, IL 25544",77.0,1956-9-8,amber
530862.0,William Green,"65642 Palmer Course Suite 400
New Tommyshire, NY 32795",147.0,1988-6-15,amber
,Robert Morris,"508 Thomas Canyon Apt. 996
Port Stevenmouth, NY 28235",,1988-5-25,blue
220561.0,James Fuller,"5195 Melissa Junctions
Adriennemouth, AR 43025",198.0,1986-6-13,blue
875130.0,Katherine Armstrong,"06684 Cook Forest
East Erin, ID 69106",231.0,1951-1-20,amber
286547.0,Frank Shaw,"591 Daniel Meadows Suite 679
Pamelaside, NJ 71584",231.0,1981-7-23,blue
863052.0,Joel Franklin,"1201 Kelly Shoal
South Gerald, OK 47336",57.0,1994-10-28,blue
327075.0,Erika Mitchell,"853 Brian Vista
North Tracyview, PR 13936",,1951-1-1,blue
,,"Unit 3621 Box 2314
DPO AP 67108",172.0,1962-4-8,green
757986.0,Raymond Maxwell,"6799 Yvonne Freeway Suite 287
South Susanborough, IL 77482",85.0,1981-12-15,blue
235920.0,Stanley Hayes,"1291 Mckinney Club
Jonathanburgh, IA 84191",235.0,1995-8-5,green
997078.0,Jordan Hernandez,"19661 Elizabeth Forks Suite 348
Nguyentown, WI 27084",172.0,1974-7-12,green
107326.0,Rebecca Murphy,"3184 Valdez Underpass
Melissaburgh, NC 56355",154.0,1975-9-4,brown
169133.0,Charles Perez,"76849 Sherri Lane
Harrellborough, MN 11259",73.0,1957-12-27,amber
925093.0,Vanessa Booth,"12756 Melissa Shores
Roseland, GU 60901",174.0,1997-1-2,brown
,Denise Ford,"21212 Carol Mews
West Alyssaview, VA 41745",193.0,1971-6-4,brown
745308.0,Jennifer Boyle,"82988 Justin Freeway Apt. 340
Stacyberg, MN 11231",,1985-10-9,brown
274948.0,Angel Martinez,"50962 Stephanie Turnpike
North Derrick, CA 13514",210.0,1962-9-20,
502679.0,Joshua Morton,"824 Emily Forge
New Matthewfurt, OR 17211",73.0,1962-3-11,blue
855184.0,Brandon Fritz,"03529 Green River Suite 912
Lake Jenniferport, NV 99658",116.0,1964-9-9,brown
765968.0,Erica Dean,"29114 Travis Wells Suite 378
Brianborough, AZ 41212",197.0,1962-9-20,brown
228512.0,Brian Wheeler,"PSC 8111, Box 5113
APO AE 13406",78.0,1985-11-24,blue
794150.0,Patrick Martin,"373 Gerald Ville
West Bradleyberg, SC 57047",117.0,1982-8-5,brown
821287.0,Kimberly Lowe,"170 Tiffany Island
Lake Christina, SC 21440",224.0,,brown
140369.0,John Smith,"94254 Martinez Road Apt. 427
Mezaberg, NM 39441",111.0,1958-1-5,
153969.0,Elizabeth Porter,"26834 Pace Lake Apt. 566
Williamsfort, GA 09980",247.0,1969-7-21,brown
,Tami Brown,"327 Ortiz Spurs
Ortizmouth, VI 87891",86.0,1953-11-20,green
639469.0,Katherine Houston,"5947 Tanya Ridges
North Ambermouth, VI 06588",,,brown
500326.0,Michael Robinson,,,1958-10-17,brown
314341.0,Michael Mckinney,"883 Carrie Islands Apt. 206
New Jason, IN 25595",86.0,2000-1-16,blue
469558.0,Carolyn Choi,"USNV Rodriguez
FPO AA 61666",135.0,,amber
914601.0,Ronald Mckenzie,"67058 Noble Trace
North Kevinview, IA 02296",196.0,,blue
374930.0,Carrie Stewart,"938 Katelyn Greens
New Laurenburgh, SC 81715",79.0,1963-4-18,brown
908097.0,James Hernandez,"351 Clark Shores
Lake Allenburgh, KY 13321",110.0,1957-6-16,brown
837755.0,Danny Palmer,"108 Michael Unions
Greenefurt, AL 43624",132.0,1958-6-23,amber
328303.0,Karl Davis,"PSC 0117, Box 2169
APO AP 25232",234.0,1987-3-21,green
752425.0,Evan Watson,,155.0,1982-9-7,green
569189.0,Lindsey Obrien,,165.0,1961-6-26,amber
,,"84933 Dana Manor
New Margaretshire, CO 97883",90.0,1972-6-18,green
443426.0,Kelly Wilson,"48900 Ramos Stravenue
Lake Julie, GU 54251",137.0,1950-1-23,green
850221.0,Andrew Savage,"Unit 6298 Box 9540
DPO AP 03098",69.0,1953-3-4,green
243956.0,Michelle Thomas,"649 Rivera Trafficway
Miabury, NM 40727",175.0,1973-2-4,blue
555497.0,Miranda Marquez,"464 Julia Camp Apt. 509
Edwardsmouth, OH 82912",126.0,1952-6-14,amber
313364.0,Juan Oneal,"7413 Katherine Courts Apt. 857
Lake Dana, DC 66058",204.0,1997-2-11,green
721277.0,Rachel Andrade,,70.0,1963-9-27,
896250.0,Kelly Welch,"USCGC Abbott
FPO AP 78039",216.0,1962-2-22,green
306333.0,Brooke Wilson,"21914 Kayla Curve
South Vincent, LA 76607",188.0,1981-8-12,blue
914579.0,Nancy Evans,"0720 Vasquez Springs Suite 204
Kevinfort, OH 86287",200.0,1993-3-7,amber
244221.0,Courtney Rivera,"8942 Silva Via Apt. 339
North Amyburgh, DE 29360",56.0,1959-12-1,blue
162652.0,Steven Howell,"61567 David Row
New Antonio, CT 61099",221.0,1999-7-7,blue
474189.0,Stephen Brown,"335 Boyd Fords
Port Charlestown, FM 63208",173.0,1965-9-26,green
712531.0,Mary Kirby,"0620 Kelly Plains Suite 918
Catherineport, AR 75338",228.0,1955-8-20,
620467.0,Angela Cabrera,"13459 Garza Forges Apt. 319
Vaughnborough, OR 22727",228.0,1965-9-17,brown
928378.0,Brandon Cain,"06107 Ryan Forest Suite 536
Daniellefort, KS 95725",,1984-10-15,amber
223226.0,Caroline Waters,"2160 Trevor Village
Andrewtown, UT 54870",204.0,1999-6-7,blue
318936.0,Linda Morales,"3936 Wall Harbors
East Tanyatown, PR 98011",108.0,1969-2-19,green
764218.0,Joshua Miller,"9306 Paul Overpass Apt. 115
North Sethburgh, FL 03658",62.0,1968-10-26,green
535775.0,Jay Allen,"05913 Nguyen Knoll
Wrightberg, NC 33283",74.0,1997-2-20,amber
204026.0,Thomas White,"264 Phelps Hills
South Kathyville, TN 96540",,1989-3-20,blue
611281.0,,"281 Wilson Extensions
Williamside, CT 99003",137.0,1972-5-3,green
230018.0,Helen Flowers DVM,"898 William Oval
Wangfort, SC 42140",146.0,1993-6-7,green
962261.0,Mathew Munoz,,92.0,1976-7-18,amber
137720.0,James Holloway,"00950 Susan Shoals
North Samuel, HI 98917",,1995-8-10,green
184877.0,Annette Harvey,"74745 Acevedo Cove
East Shannon, IA 25428",82.0,1995-1-16,amber
,,"3764 Cain Unions Suite 204
Chandlerbury, NC 48176",188.0,1991-7-24,green
792726.0,Kelsey Howell,"PSC 4491, Box 4250
APO AE 38380",213.0,1977-11-17,brown
532167.0,Jason Parker,"0824 Richards Dale Apt. 913
Kylechester, MP 72650",204.0,1992-11-1,brown
956470.0,Michael Johnson,"84505 Fernandez Isle Apt. 764
Christopherville, MD 09544",132.0,1962-11-24,green
310731.0,Michelle Johnson,"75260 Kelsey Green Apt. 637
West Michael, IN 54340",173.0,1960-6-14,brown
668021.0,Peggy Hobbs,"238 Garrett Valleys
South Wanda, DE 38563",223.0,1968-12-27,blue
531034.0,Jamie Goodman,"13878 Campbell Light Suite 670
Johnport, MP 01346",72.0,1996-8-23,
608480.0,Barbara Daniels,"44011 Pamela Viaduct Suite 808
West Matthew, OR 37383",138.0,1982-8-1,brown
875625.0,Michael Kelly,"855 Gutierrez Ports Suite 762
Paynetown, NM 57589",247.0,1970-6-26,brown
968747.0,Terri Hernandez,,164.0,1986-5-4,brown
951677.0,Todd Harvey,"81898 Bender Inlet
Williamsonbury, OK 25120",154.0,1998-7-7,amber
285322.0,Teresa Anderson,"78374 Thomas Roads
Victoriamouth, ME 08588",233.0,1979-9-16,blue
139077.0,Charles Miller,"50569 Anderson Ridges
Stephenside, NH 91737",207.0,1997-8-21,
740057.0,Megan Smith,"444 Barbara Avenue Suite 285
Singletonberg, MH 30199",228.0,1996-12-22,brown
971376.0,,"498 Richard Ford Suite 827
Randymouth, CA 33824",191.0,1950-1-24,brown
869642.0,Sherry Evans,"0838 Larson Circles
East Kayla, WI 36347",191.0,1999-7-9,amber
803102.0,Natalie Welch,"782 Mark Heights Suite 096
East Wayne, AK 90198",239.0,1986-2-4,blue
254139.0,Roger Dean,"53156 Allen Mount Suite 791
Port Kristinbury, TX 15745",184.0,,brown
,Dr. Dustin Frazier,"9750 Miller Plains Suite 325
Phillipsland, IA 24907",,,blue
818649.0,Paul Gallagher,"94337 Greer Junction
Watsonshire, ND 14792",99.0,1987-9-1,brown
225863.0,Seth Graham,"496 Mcbride Squares Apt. 350
West Brittanyshire, MI 59825",104.0,1965-3-18,blue
543851.0,Stephanie Garza,"45707 Mary Wall Suite 322
Dennisland, MO 57882",186.0,1983-6-27,blue
920266.0,Melissa Miller,"221 Patricia Spring Suite 093
West Tonyville, PW 56379",158.0,1957-2-5,blue
452259.0,Lori Sanchez DVM,"77797 Jose Ferry Suite 727
Villegasland, UT 14104",170.0,1976-11-2,brown
819642.0,Maxwell Chung,"532 Smith Rapid Suite 258
South Derek, DC 81635",177.0,1990-6-2,blue
963421.0,Richard Smith,"8174 Melissa Keys
North Karatown, IL 01865",164.0,1957-7-6,amber
709114.0,Brian Bolton,"9964 Diana Field
Stonestad, OR 29138",60.0,1985-7-14,amber
789636.0,Mark Guzman,,,1983-9-19,
657959.0,Amy Wilkinson,"Unit 9623 Box 6500
DPO AP 43678",65.0,,blue
336376.0,Teresa Ellis,"0043 Levy Branch
Bentonmouth, IA 53421",,1974-6-13,amber
,William Walker,"5655 Andrade Passage Suite 160
Benjaminport, WY 52337",232.0,1981-10-25,amber
161945.0,Aaron Collins,"47953 Robbins Club Suite 308
Royfort, ID 90163",235.0,1970-5-6,brown
861893.0,Catherine Ramirez,"5202 Price Hills Suite 711
East Nicholas, FL 67580",86.0,,blue
149888.0,Adam Glover,"46925 Michelle Fall
Jacobhaven, MA 31264",214.0,1996-1-7,green
460151.0,Thomas Diaz,"71175 Cameron Port Suite 976
North Michael, KY 60920",154.0,1979-5-11,amber
516970.0,Gabriel Barnett,"9087 Jennifer Motorway Apt. 782
Timothytown, MN 04114",65.0,1999-10-18,blue
962946.0,Janice Keller,"06812 Nicolas Inlet
Christinemouth, OR 76018",205.0,1969-6-24,brown
825365.0,Ryan Martin,"905 Hayes Crescent
Allenmouth, LA 78853",250.0,1957-3-5,green
436584.0,Michael Massey,"6237 Robyn Spurs
Patelmouth, ID 63272",63.0,1962-11-17,brown
710741.0,Stephen Bullock Jr.,,104.0,1989-11-11,amber
243093.0,Mary Brown,"0567 Jason Throughway
Rodriguezfort, WA 59375",190.0,1979-7-19,brown
141549.0,Alisha Murphy,"Unit 2323 Box 6453
DPO AA 79634",55.0,1970-2-21,brown
300564.0,Gregory Shields,"4642 Denise Place Apt. 940
West Erintown, CA 72717",204.0,1995-5-11,brown
561448.0,,"74588 Travis Bypass
West Jasonfurt, NE 28145",114.0,1965-3-17,blue
804561.0,Jean Griffin,"966 Edward Pines
Cynthiafurt, WV 70891",,1992-6-14,green
236161.0,Jason Werner,"9131 Spencer Rest Suite 059
Hannaside, MO 91696",69.0,1975-6-9,brown
878108.0,Stacy Palmer,"USCGC Klein
FPO AA 37705",,1982-6-27,amber
670650.0,,"26629 Diana Port
Millerfort, WY 73438",151.0,1975-12-6,green
629112.0,Douglas Vasquez,"74039 Turner Extension Suite 716
Shannonport, VT 05842",227.0,,blue
325596.0,,,135.0,1971-5-18,brown
285592.0,Renee Manning,,239.0,1961-6-12,amber
641893.0,,"PSC 7764, Box 1047
APO AA 43146",134.0,1968-8-14,green
178792.0,Adam Johnson,"8373 John Route
Leehaven, NV 85643",93.0,1962-12-11,amber
718297.0,Ronald Cummings,"9749 Baker Parkway Apt. 732
Thomasfurt, GA 64386",129.0,1961-1-5,
380306.0,Joseph Ramirez,"77635 Lindsey Landing
Jonestown, FM 21384",101.0,1992-11-16,brown
153848.0,David Gardner,"805 Samuel Walks
Stephaniemouth, MI 57296",223.0,1988-10-4,blue
829951.0,,"1587 Kelly Fall
Kevinberg, NH 12827",65.0,1952-4-25,amber
671363.0,Jacob Atkinson,"9506 Miller Flat Apt. 612
Fordville, IN 94838",129.0,1955-2-11,
150156.0,David Shaffer,,224.0,1974-10-20,green
799171.0,Megan Ramirez,"112 Johnson Squares
North Tina, TX 84677",,1950-10-9,
640156.0,Steven Reed,"913 Brian Fall Suite 870
Kathrynport, UT 76536",,1988-3-21,amber
853023.0,Barbara Smith,"45813 Clark Springs
Clarkside, HI 25144",84.0,1951-8-8,amber
689356.0,Lisa Hendricks DDS,"PSC 5475, Box 3580
APO AP 63431",216.0,1982-2-2,green
565350.0,Michael Watson,"046 James Cliffs Apt. 820
West Anthonybury, OR 84334",233.0,1969-3-7,green
757319.0,Jesse Stevens,"PSC 3473, Box 7784
APO AA 22770",199.0,1964-7-25,blue
177951.0,Sabrina Thompson,"USNS Allen
FPO AP 46628",247.0,1986-4-25,green
202547.0,Mary Bernard,"566 Rebecca Orchard Apt. 936
New Heather, DC 36447",79.0,1971-9-28,green
670947.0,Jill Page,"4739 Vaughan Junction Suite 303
East Justinland, WY 69920",139.0,1958-4-19,brown
798023.0,Debra Keller,"9772 Jeremy Springs
South Racheltown, SD 74208",93.0,1958-3-27,blue
940696.0,Brandon Barnett,"12500 Dwayne Green Apt. 040
Amyberg, SD 36375",201.0,1968-8-14,green
352703.0,,"953 Eric Street Suite 485
North Ashleyberg, NC 01821",135.0,1962-11-1,brown
384771.0,Christopher White,"1930 Reeves Drive
East Andreabury, ND 27330",195.0,1993-7-8,green
636784.0,Kevin Walsh,"8730 Marcus Lakes
East Alvin, MD 23086",,1963-1-20,green
522710.0,,"PSC 7230, Box 9804
APO AA 53576",233.0,1961-9-10,green
,Heather Chan,"58247 Justin Meadows
Davisbury, PR 62799",245.0,1991-8-5,brown
677808.0,,"048 Jones Lake Suite 001
South Danielborough, ME 73938",201.0,1966-11-22,blue
603292.0,Christopher Thompson,"05826 Green Knolls
Lake Steven, MS 64018",237.0,1957-7-3,green
254494.0,Tyler Carr,"Unit 1014 Box 2893
DPO AP 32655",94.0,1978-2-23,blue
,James Bush,"670 Laura Brooks
Simmonshaven, DC 04420",244.0,1990-9-9,amber
845746.0,Ashlee Johnson,"USCGC Wood
FPO AA 88583",211.0,1976-4-4,brown
620464.0,Jordan Smith,,89.0,1998-11-27,green
551258.0,Joshua Carlson,,247.0,1999-4-24,blue
934506.0,Elijah Jones,"8485 Mullen Turnpike Suite 096
New Shawn, MT 28608",96.0,1977-12-16,
,Thomas Meyers,"5402 Rachel Walks
New Joseph, WI 46205",154.0,1961-10-19,brown
767734.0,William King,"3702 Kevin Divide
Benjaminborough, CT 33736",87.0,1982-7-28,green
421927.0,Julie Brandt,"55799 Ronnie Rue
North Jonshire, PA 12335",77.0,2001-8-1,green
368300.0,,"44819 Cervantes Divide
Pricehaven, TN 84266",191.0,2001-6-28,brown
921833.0,David Short,"PSC 8255, Box 5224
APO AE 33572",65.0,1950-1-27,brown
823896.0,Bill Manning,"8020 Justin Square
Port Crystal, KY 08484",175.0,1957-2-24,green
385133.0,Joshua Mcmahon,"7501 Lee Drive
Hillbury, TX 77172",122.0,1950-1-26,blue
234939.0,Juan Snyder,"3901 Garrison Junction
Staffordfurt, AS 46245",156.0,1952-9-5,blue
442762.0,Kelly Patel,"71059 Dixon Roads
Whitehaven, DE 21067",166.0,1967-3-2,brown
273331.0,Angela Brown,"2775 Cantu Park
Jenniferville, NY 19302",67.0,,amber
442376.0,Wendy Thomas,"09959 Mclaughlin Streets Suite 766
North Alisha, CO 55694",120.0,1980-9-8,brown
294188.0,Vincent Simmons,"17792 Williams Pike Apt. 004
Heathertown, VI 35627",140.0,1987-11-24,blue
126130.0,Carolyn Morse,"72058 Stephanie Mill
East Patrickshire, MP 89889",238.0,1982-5-16,blue
957887.0,Darrell Peck,"5184 Kelly Knolls Suite 906
North Melissafurt, TX 10903",179.0,1994-12-8,brown
376051.0,Meredith Marks,"21192 William Ferry Apt. 004
Coreymouth, FM 35398",175.0,,blue
125734.0,Jake Martinez,"4861 Gina Forge
Port Michaelville, NM 25553",,1990-5-12,amber
597893.0,Ian Bell,"93442 Gene Causeway
North Laurieville, MS 01726",230.0,1969-6-13,amber
461289.0,Wesley Smith,"89919 Lewis Orchard
Gibsonfort, PA 84081",218.0,1967-8-22,blue
223153.0,Jennifer Woods,"7960 Michael Mountains
Lake Katherine, GU 67449",81.0,1968-10-8,blue
192390.0,Annette Francis,"PSC 0274, Box 3179
APO AE 09301",121.0,1984-2-9,amber
462634.0,Dawn Donaldson DVM,"794 Moon Pass
New Samanthaville, WA 48670",128.0,1968-6-2,amber
629682.0,Kristie Campbell,"5209 Oneal Crescent
Fishermouth, ME 53526",100.0,1983-6-23,amber
623128.0,Lauren Dyer,"586 Emily Terrace
Nicholasmouth, TX 99302",84.0,1959-10-12,
637296.0,Joseph Russell,"296 Meadows Crossroad Apt. 103
New Patrickburgh, HI 77808",164.0,1979-4-23,green
215119.0,David Gates,"26467 Leah Coves Suite 441
West Danielle, VI 05492",110.0,1976-11-22,brown
937764.0,Erin Barnes MD,"2694 Bautista Unions Suite 810
West Johnport, MN 78307",128.0,1963-9-2,brown
,Alexandra Jackson,"5267 Alexander Curve Suite 388
North Todd, PA 38008",183.0,1958-11-11,amber
969373.0,Franklin Jimenez,"PSC 8611, Box 6119
APO AP 17380",95.0,1980-7-23,amber
248505.0,James Lee,"8427 Johnson Trafficway
Lake Nicholas, HI 94942",248.0,1960-8-25,brown
950845.0,,"99311 Kimberly Ramp Suite 457
Michelleshire, KS 08442",82.0,1984-2-16,green
237531.0,Melanie Hill PhD,"69482 Miller Lane Suite 533
East Alexisborough, NE 98354",,1983-5-6,brown
257784.0,Michael Hernandez,"976 Palmer Gateway Suite 378
New Jamie, FM 64156",177.0,1976-2-4,green
456366.0,Megan Hughes,"6654 Makayla Way
Nathanhaven, MO 55364",128.0,1967-9-15,blue
136864.0,Scott Brown,"2891 Butler Station Suite 561
West Chrisstad, SC 20548",109.0,,brown
463890.0,Autumn Webb,"53783 Norman Locks Suite 427
Weekschester, VA 58725",213.0,1980-12-27,
907727.0,Tanner Williams,"Unit 8400 Box 2250
DPO AE 73304",123.0,1993-11-18,green
541373.0,,"605 Miller Extensions
Allisonberg, NM 44247",135.0,1972-7-16,brown
126130.0,Carolyn Morse,"72058 Stephanie Mill
East Patrickshire, MP 89889",238.0,1982-5-16,blue
,,"Unit 3621 Box 2314
DPO AP 67108",172.0,1962-4-8,green
909489.0,Christine Carter,"Unit 5142 Box 1597
DPO AE 97070",85.0,1988-1-2,amber
909489.0,Christine Carter,"Unit 5142 Box 1597
DPO AE 97070",85.0,1988-1-2,amber
572064.0,Jeffrey Hayden,"2854 Daniel Falls Suite 621
Dunlaphaven, OH 62090",226.0,1959-10-26,blue
472070.0,Jessica Wells,"020 Levi Drive Suite 148
South Robertville, IN 20023",92.0,,brown
172436.0,Lucas Ashley,"65333 Christina Valley
New James, UT 23599",180.0,1957-7-28,brown
565350.0,Michael Watson,"046 James Cliffs Apt. 820
West Anthonybury, OR 84334",233.0,1969-3-7,green
140312.0,Deborah Gallegos,"560 Vanessa Drives Apt. 743
Stephanieport, WI 23628",177.0,1985-3-15,green
240203.0,Todd Warren,"986 Mccarthy Canyon
Stevensbury, VI 59564",,1982-3-23,amber
250463.0,Michael Bishop,"585 Newman Ville Suite 183
Port Jillton, NJ 21607",226.0,1972-11-22,blue
193988.0,Michelle Cunningham,"USNV Warner
FPO AA 99461",62.0,1984-5-19,green
668021.0,Peggy Hobbs,"238 Garrett Valleys
South Wanda, DE 38563",223.0,1968-12-27,blue
960364.0,Mr. Richard Barnes,"17572 Joseph Club
Lake Jeremiah, GU 69312",210.0,,amber
376051.0,Meredith Marks,"21192 William Ferry Apt. 004
Coreymouth, FM 35398",175.0,,blue
718297.0,Ronald Cummings,"9749 Baker Parkway Apt. 732
Thomasfurt, GA 64386",129.0,1961-1-5,
223226.0,Caroline Waters,"2160 Trevor Village
Andrewtown, UT 54870",204.0,1999-6-7,blue
270105.0,Kelsey Bruce,"08256 Mitchell Lodge Suite 563
Williamsville, MP 14094",61.0,1956-2-6,brown
428528.0,,,105.0,1959-6-22,brown
668021.0,Peggy Hobbs,"238 Garrett Valleys
South Wanda, DE 38563",223.0,1968-12-27,blue
